[
  {
    "code": "LON",
    "name": "London",
    "country": "United Kingdom",
    "label": "London (LON) — United Kingdom"
  },
  {
    "code": "LGW",
    "name": "London Gatwick",
    "country": "United Kingdom",
    "label": "London Gatwick (LGW)"
  },
  {
    "code": "LHR",
    "name": "London Heathrow",
    "country": "United Kingdom",
    "label": "London Heathrow (LHR)"
  },
  {
    "code": "STN",
    "name": "London Stansted",
    "country": "United Kingdom",
    "label": "London Stansted (STN)"
  },
  {
    "code": "LTN",
    "name": "London Luton",
    "country": "United Kingdom",
    "label": "London Luton (LTN)"
  },
  {
    "code": "SEN",
    "name": "London Southend",
    "country": "United Kingdom",
    "label": "London Southend (SEN)"
  },
  {
    "code": "BKK",
    "name": "Bangkok Suvarnabhumi",
    "country": "Thailand",
    "label": "Bangkok Suvarnabhumi (BKK)"
  },
  {
    "code": "DMK",
    "name": "Bangkok Don Mueang",
    "country": "Thailand",
    "label": "Bangkok Don Mueang (DMK)"
  },
  {
    "code": "HKT",
    "name": "Phuket",
    "country": "Thailand",
    "label": "Phuket (HKT)"
  },
  {
    "code": "CNX",
    "name": "Chiang Mai",
    "country": "Thailand",
    "label": "Chiang Mai (CNX)"
  },
  {
    "code": "JFK",
    "name": "New York JFK",
    "country": "United States",
    "label": "New York JFK (JFK)"
  },
  {
    "code": "EWR",
    "name": "Newark",
    "country": "United States",
    "label": "Newark (EWR)"
  },
  {
    "code": "LGA",
    "name": "LaGuardia",
    "country": "United States",
    "label": "New York LaGuardia (LGA)"
  },
  {
    "code": "NYC",
    "name": "New York (All)",
    "country": "United States",
    "label": "New York (NYC) — All Airports"
  },
  {
    "code": "DXB",
    "name": "Dubai",
    "country": "United Arab Emirates",
    "label": "Dubai (DXB)"
  },
  {
    "code": "AUH",
    "name": "Abu Dhabi",
    "country": "United Arab Emirates",
    "label": "Abu Dhabi (AUH)"
  },
  {
    "code": "SIN",
    "name": "Singapore",
    "country": "Singapore",
    "label": "Singapore (SIN)"
  },
  {
    "code": "KUL",
    "name": "Kuala Lumpur",
    "country": "Malaysia",
    "label": "Kuala Lumpur (KUL)"
  },
  {
    "code": "HKG",
    "name": "Hong Kong",
    "country": "Hong Kong",
    "label": "Hong Kong (HKG)"
  },
  {
    "code": "NRT",
    "name": "Tokyo Narita",
    "country": "Japan",
    "label": "Tokyo Narita (NRT)"
  },
  {
    "code": "HND",
    "name": "Tokyo Haneda",
    "country": "Japan",
    "label": "Tokyo Haneda (HND)"
  },
  {
    "code": "TYO",
    "name": "Tokyo (All)",
    "country": "Japan",
    "label": "Tokyo (TYO) — All Airports"
  },
  {
    "code": "SYD",
    "name": "Sydney",
    "country": "Australia",
    "label": "Sydney (SYD)"
  },
  {
    "code": "MEL",
    "name": "Melbourne",
    "country": "Australia",
    "label": "Melbourne (MEL)"
  },
  {
    "code": "DEL",
    "name": "Delhi",
    "country": "India",
    "label": "Delhi (DEL)"
  },
  {
    "code": "BOM",
    "name": "Mumbai",
    "country": "India",
    "label": "Mumbai (BOM)"
  },
  {
    "code": "CDG",
    "name": "Paris Charles de Gaulle",
    "country": "France",
    "label": "Paris CDG (CDG)"
  },
  {
    "code": "ORY",
    "name": "Paris Orly",
    "country": "France",
    "label": "Paris Orly (ORY)"
  },
  {
    "code": "PAR",
    "name": "Paris (All)",
    "country": "France",
    "label": "Paris (PAR) — All Airports"
  },
  {
    "code": "FRA",
    "name": "Frankfurt",
    "country": "Germany",
    "label": "Frankfurt (FRA)"
  },
  {
    "code": "MUC",
    "name": "Munich",
    "country": "Germany",
    "label": "Munich (MUC)"
  },
  {
    "code": "AMS",
    "name": "Amsterdam",
    "country": "Netherlands",
    "label": "Amsterdam (AMS)"
  },
  {
    "code": "MAD",
    "name": "Madrid",
    "country": "Spain",
    "label": "Madrid (MAD)"
  },
  {
    "code": "BCN",
    "name": "Barcelona",
    "country": "Spain",
    "label": "Barcelona (BCN)"
  },
  {
    "code": "ROM",
    "name": "Rome (All)",
    "country": "Italy",
    "label": "Rome (ROM) — All Airports"
  },
  {
    "code": "FCO",
    "name": "Rome Fiumicino",
    "country": "Italy",
    "label": "Rome Fiumicino (FCO)"
  },
  {
    "code": "ATH",
    "name": "Athens",
    "country": "Greece",
    "label": "Athens (ATH)"
  },
  {
    "code": "ZRH",
    "name": "Zurich",
    "country": "Switzerland",
    "label": "Zurich (ZRH)"
  },
  {
    "code": "IST",
    "name": "Istanbul",
    "country": "Türkiye",
    "label": "Istanbul (IST)"
  },
  {
    "code": "SAW",
    "name": "Istanbul Sabiha",
    "country": "Türkiye",
    "label": "Istanbul Sabiha (SAW)"
  }
]